Field,Type,Collation,Null,Key,Comment
LUM_ID,int(11),,NO,PRI,WALIS LUM ID
Public,varchar(45),utf8_general_ci,YES,,Is this datapoint public?
Lum_Method,tinytext,utf8_general_ci,YES,,Luminescence method
IGSN,varchar(45),utf8_general_ci,YES,,IGSN
lum_ref,longtext,utf8_general_ci,YES,,Reference (s)
Sample_ID,varchar(45),utf8_general_ci,YES,,Sample ID
AnalysisID,varchar(45),utf8_general_ci,YES,,Analysis ID
ReportedID,varchar(45),utf8_general_ci,YES,,Reported ID
Lab_name,mediumtext,utf8_general_ci,YES,,Laboratory name
Mineral_type,varchar(45),utf8_general_ci,YES,,Mineral type
Grain_size,varchar(45),utf8_general_ci,YES,,Grain size
AnalysisDate,datetime,,YES,,Date of analysis
Accepted,varchar(45),utf8_general_ci,YES,,Accepted?
Reas_rej,longtext,utf8_general_ci,YES,,Reason for rejection
Reported_Latitude,varchar(45),utf8_general_ci,YES,,Reported Latitude
Reported_Longitude,varchar(45),utf8_general_ci,YES,,Reported Longitude
Sample_lat,varchar(45),utf8_general_ci,YES,,Sample latitude (decimal degrees)
Sample_lon,varchar(45),utf8_general_ci,YES,,Sample longitude (decimal degrees)
Lat_Lon_Est,varchar(45),utf8_general_ci,YES,,Are Lat/Long estimated?
Original_datum,varchar(45),utf8_general_ci,YES,,Original elevation datum used
Elev_meas_method,varchar(45),utf8_general_ci,YES,,Elevation measurement method
Sample_elev,varchar(45),utf8_general_ci,YES,,Reported elevation (m)
Sample_elev_unc,varchar(45),utf8_general_ci,YES,,Reported elevation uncertainty (m)
Elev_MSL,varchar(45),utf8_general_ci,YES,,Elevation above MSL (m)
Elev_MSL_unc,varchar(45),utf8_general_ci,YES,,Elevation uncertainty used (m)
Elev_comments,longtext,utf8_general_ci,YES,,Comments on elevation
MISchoice_limit,varchar(45),utf8_general_ci,YES,,Age is Older/Equal/Younger than
MISchoice,varchar(45),utf8_general_ci,YES,,Marine Isotopic Stage
Reported_MIS,longtext,utf8_general_ci,YES,,Comments/details on MIS designation or age
Final_age,varchar(45),utf8_general_ci,YES,,Age (ka)
Final_age_unc,varchar(45),utf8_general_ci,YES,,Age uncertainty (ka)
Aliquot size,varchar(45),utf8_general_ci,YES,,Aliquot size
ED_meas_protocol,longtext,utf8_general_ci,YES,,Equivalent Dose measurement protocol
Treatment,longtext,utf8_general_ci,YES,,Treatment during measurement
ED_stat_model,varchar(45),utf8_general_ci,YES,,Statistical model for burial dose
Machine_type,longtext,utf8_general_ci,YES,,Machine type
Detection_unit,longtext,utf8_general_ci,YES,,Detection unit
Stimulation_unit,longtext,utf8_general_ci,YES,,Stimulation unit
Optical_filters,longtext,utf8_general_ci,YES,,Optical Filters used for Detection
Nb_aliquots_sg_run,mediumtext,utf8_general_ci,YES,,Number of aliquots/ single grains run
Nb_aliquots_sg_used,mediumtext,utf8_general_ci,YES,,Number of aliquots/ single grains used in sample
Dose_unc_lev,varchar(45),utf8_general_ci,YES,,Uncertainty level
ED,varchar(45),utf8_general_ci,YES,,Equivalent dose (Gy)
ED_unc,varchar(45),utf8_general_ci,YES,,Equivalent dose uncertainty (Gy)
OD_val,varchar(45),utf8_general_ci,YES,,Overdispersion value (%)
OD_val_unc,varchar(45),utf8_general_ci,YES,,Overdispersion value uncertainty (%)
Depth_of_burial,varchar(45),utf8_general_ci,YES,,Depth of burial (m)
DR_determination,longtext,utf8_general_ci,YES,,Approach of dose rate dermination
Dose_rate_unc_type,varchar(45),utf8_general_ci,YES,,Uncertainty levels
U,varchar(45),utf8_general_ci,YES,,Uranium content (ppm)
U_unc,varchar(45),utf8_general_ci,YES,,Uranium content uncertainty (ppm)
Th,varchar(45),utf8_general_ci,YES,,Thorium content (ppm)
Th_unc,varchar(45),utf8_general_ci,YES,,Thorium content uncertainty (ppm)
K,varchar(45),utf8_general_ci,YES,,Potassium content (%)
K_unc,varchar(45),utf8_general_ci,YES,,Potassium content uncertainty (%)
Rb,varchar(45),utf8_general_ci,YES,,Rubidium content (ppm)
Rb_unc,varchar(45),utf8_general_ci,YES,,Rubidium content uncertainty (ppm)
Alpha_rate_val,varchar(45),utf8_general_ci,YES,,Alpha dose rate (Gy/ka)
Alpha_rate_unc,varchar(45),utf8_general_ci,YES,,Alpha dose rate uncertainty (Gy/ka)
Gamma_rate_val,varchar(45),utf8_general_ci,YES,,Gamma dose rate (Gy/ka)
Gamma_rate_unc,varchar(45),utf8_general_ci,YES,,Gamma dose rate uncertainty (Gy/ka)
Beta_rate_val,varchar(45),utf8_general_ci,YES,,Beta dose rate (Gy/ka)
Beta_rate_unc,varchar(45),utf8_general_ci,YES,,Beta dose rate uncertainty (Gy/ka)
Cosmic_rate_val,varchar(45),utf8_general_ci,YES,,Cosmic dose rate (Gy/ka)
Cosmic_rate_unc,varchar(45),utf8_general_ci,YES,,Cosmic dose rate uncertainty (Gy/ka)
Field_water,varchar(45),utf8_general_ci,YES,,Field water content (% of dry mass)
Water_cont_det,longtext,utf8_general_ci,YES,,Water content determination method
Water_cont_val,varchar(45),utf8_general_ci,YES,,Water Content used in Final Age Calculation (% of dry mass)
Water_cont_unc,varchar(45),utf8_general_ci,YES,,Water Content used in Final Age Calculation  uncertainty (% of dry mass)
Atten_fact,varchar(45),utf8_general_ci,YES,,Alpha attenuation factor
DR_conv_fact,varchar(45),utf8_general_ci,YES,,Dose Rate conversion factors
Total_dose_rate,varchar(45),utf8_general_ci,YES,,Total dose rate (Gy/Ka)
Total_dose_rate_unc,varchar(45),utf8_general_ci,YES,,Total dose rate uncertainty (Gy/ka)
Fading_corr,varchar(45),utf8_general_ci,YES,,Was fading correction applied?
Method_fading,varchar(45),utf8_general_ci,YES,,Method of fading correction
g-value,varchar(45),utf8_general_ci,YES,,g-value (% per decade)
g-value_unc,varchar(45),utf8_general_ci,YES,,g-value (±1σ) (% per decade)
Notes,longtext,utf8_general_ci,YES,,Comments
Createdby,varchar(45),utf8_general_ci,YES,,Record created by
Updatedby,varchar(45),utf8_general_ci,YES,,Record updated by
LastUpdate,datetime,,YES,,Last Update
coord,point,,YES,,MySQL coordinates
