﻿WALIS RSLind ID,Name of RSL indicator,Description of RSL indicator,Description of RWL,Description of IR,Indicator reference(s),Record created by,Record updated by,Last Update,General type
0,The datapoint is a marine or terrestrial limiting indicator,See detailed indicator description,No RWL Available,No IR available,,,WALIS Admin,2020-04-02,Limiting point
7,Marine Terrace,"Definition by Pirazzoli et al., 2005: ""Any relatively flat surface of marine origin"".  Definition of indicative meaning from Rovere et al., 2016.",(Storm wave swash height + Breaking depth) / 2,Storm wave swash height - Breaking depth,"Pirazzoli, 2005
 Rovere et al., 2016",Alessio Rovere,WALIS Admin,2021-01-05,Geomorphological
11,Beach deposit or beachrock,"Definition by Mauz et al., 2015: ""Beachrocks are lithified coastal deposits that are organized in sequences of slabs with seaward inclination generally between 5° and 15°"". Definition of indicative meaning from Rovere et al., 2016.",(Ordinary berm + breaking depth) / 2,Ordinary berm - breaking depth,"Mauz et al., 2015
 Rovere et al., 2016",Alessio Rovere,WALIS Admin,2021-01-05,Depositional
12,Beach ridge,"Definition by Otvos,2000: ""[beach ridges are] stabilized, relict intertidal and supratidal, eolian and wave-built shore ridges that may consist of either siliciclastic or calcareous clastic matter of a wide range of clasts dimensions, from fine sand to cobbles and boulders"". Definition of indicative meaning from Rovere et al., 2016.",(Storm wave swash height + Ordinary berm)/2,Storm wave swash height - Ordinary berm,"Otvos, 2000
 Rovere et al., 2016",Alessio Rovere,WALIS Admin,2021-01-05,Depositional
13,Coral reef terrace (general definition),"Coral-built flat surface, corresponding to shallow-water reef terrace to reef crest. The definition of indicative meaning is derived from Rovere et al., 2016 and Lorscheid and Rovere, 2017, and it represents the broadest possible indicative range, that can be refined with information on coral living ranges.",(Mean Lower Low Water + Breaking dept)/2,Mean Lower Low Water - Breaking dept,"Rovere et al., 2016
 Lorscheid and Rovere, 2019",Alessio Rovere,Alessio Rovere,2020-04-19,Biological
14,Shore platform,"Kennedy, 2015 defines shore platforms as ""sub-horizontal rocky surfaces that interrupt vertical cliffs at or near sea-level"".  Definition of indicative meaning adapted by Rovere et al., 2016 from Kennedy, 2015.",[Mean Higher High Water + (Breaking depth-MLLW)/2]/2,Mean Higher High Water - (Breaking depth-MLLW)/2,"Kennedy, 2015
 Rovere et al., 2016",Alessio Rovere,Alessio Rovere,2020-04-19,Geomorphological
15,Lagoonal deposit,"Lagoonal deposits consist of silty and/or clayey sediments, horizontally laminated (Zecchin et al., 2004) and associated with fossils of brackish or marine water fauna. Definition of indicative meaning from Rovere et al., 2016.",(MLLW + modern Lagoon depth)/2,MLLW to modern Lagoon depth,"Rovere et al., 2016
 Zecchin et al., 2004",Alessio Rovere,WALIS Admin,2021-01-05,Depositional
16,Tidal notch,"Definition by Antonioli et al., 2015: ""Indentations or undercuttings cut into rocky coasts by processes acting in the tidal zone (such as tidal wetting and drying cycles, bioerosion, or mechanical action)"". Definition of indicative meaning from Rovere et al., 2016.",(MHHW + MLLW)/2,MHHW - MLLW,"Antonioli et al., 2015
 Rovere et al., 2016",Alessio Rovere,WALIS Admin,2021-03-24,Geomorphological
17,Drowned valley floor Transgressive Contact,"A transgressive contact between terrestrial aggradational facies (below) and subaquatic aggradational facies (above). The terrestrial facies is typically a decimeter thick river flood-basin peat bed or organic mud with immature paleosol [formed shortly before the transgression], often overlying some further decimeters-metre of overbank and river channel facies showing more developed floodplain paleosol formation [late low stand paleosols, climatic amelioration before transgression]. The subaquatic facies is typically decimeter-metre thick, organic muds, rich in fine and coarse detrital organic matter [gyttjaic facies; riparian swamp and marsh vegetation macrofossils], rich in mud admixtures, bearing tidal indicators, bearing microfossil indicators of occasional brackish estuarine inwash, and grading upward into established tidal, brackish to saline, full estuarine facies [continued transgressive deepening and inland shifting of the river mouth]. See Hijma & Cohen 2011, 2019 for Holocene example (Rhine valley/estuary) and see Sier et al. 2015; Peeters et al. 2019 for Last Interglacial example (Rhine valley/estuary), where research locaties used in sedimentary reconstructions of the transgressive stages of estuaries/deltas/river mouths are worked up into sea-level indicator data points. Similar such work is available for other larger delta systems - and the indicator type is intended for inclusive use of such data sets in this database.","(HAT to MSL) / 2
Whereas the basal contact between terrestrial peat and paleosols in overbank deposits or valley rim substrate in isolation is to be considered a terrestrial limiting point marking groundwater and riverine flooding hydrological changes rather  than estuarine sea-level rise (Hijma & Cohen, 2019) , the transgressive contact at the top of such a peat bed has direct estuarine inundation meaning. See also the IR description.","HAT to MSL
In wide valleys experiencing relatively rapid postglacial transgression (>0.7 m/cy) unfilled estuaries result and tidal amplification as observed in high stand filled estuaries, is not much of a problem. HAT values at the estuary mouth / open sea may in fact be dampened inland in such estuaries (Vis et al. 2015). On the other hand, in inland parts of the estuary riverine discharge may impose a gradient and lift dampened inland tides to the same altitudes as that of HAT at the estuary mouth (Van de Plassche, 1995; Hijma & Cohen 2019).","Hijma & Cohen, 2019
 Long et al., 2015
 Sier et al., 2015",Kim Cohen,Kim Cohen,2020-04-27,Depositional
18,Basal Peat (non-mangrove),"Basal Peats are terrestrial deposits encountered along the base of Transgressive-to-High Stand depositional systems (coastal plain wedges, estuarine wedges, deltaic wedges) and in submerged position on shelves (e.g. Jelgersma, 1979; Hanebuth et al., 2000). They are found underneath transgressive surfaces, buried by subaqueous deposits (tidal, brackish, estuarine, lagoonal, sea-floor ravinement surfaces). Basal peats occur across valley floors, across valley rims, across interfluve highs, across flanks of isolated topographic features within older coastal  marsh. and subaquatic aggradational facies (above). The peaty terrestrial facies is typically a few decimeters thick (in compacted state, cf. Greenfield & Tucker, 1986; Brain, 2015), and often overlies a surface with a more developed paleosol [late low stand paleosols, climatic amelioration before transgression]. See Jelgersma (1961) and Van de Plassche (1982, 1986, 1995) for Holocene examples (Netherlands) and Zagwijn (1983) for Last Interglacial examples from the same region. Using basal peats as RSL indicators became widely established in the Holocene sea-level communities since the 1970ies (Nelson, 1986), both onshore and offshore. Likewise, it is of use as an RSL indicator in interglacial coastal settings (e.g. Streif, 2004), especially when combined with palynological investigations to provide some time-control on the position within the interglacial (e.g.: Chronostratigraphy:  regional pollenzonations). 
In temperate climate conditions (i.e. Northern Hemisphere near-field latitudes in lateglacial to interglacial times), peat-forming environments establish and maintain themselves during slow and modestly fast transgressional phases. Its distribution becomes discontinuous, with overstepped zones at higher rates of RSL. The critical rate at which this happens has been assessed in the Rhine delta (Netherlands), for the Holocene and the Last Interglacial transgressional episodes (Peeters et al. 2019: section 5.1). At a coastal plain GWL-rise (forced by RSL-rise) less than 7 m/ka, the basal peat bed develops as fairly continuous, diachronic blanket across gently sloping valley and interfluve terrain (older downdip in seaward direction, younger updip in landward direction). The facies composition will be patches of swamp within more widespread marsh at higher rates, and more extensive patches of swamp at slower rates (Bos et al., 2011). During phases where RSL-rise and hence lower coastal plain GWL rise exceeds c. 7 m/ka (the domain of meltwater pulses), the blanket of diachronic basal peat no-longer is continuous (Peeters et al., 2019): it will show gaps in occurrence in depth zones that are transgressed at the higher rates (Cohen, 2005; Hijma & Cohen, 2011), and subaqueous muddy and/or detrital organic facies (gyttjaic rather than peaty) lithostratigraphically replace the basal peat bed in the overstepped zone (Bos et al., 2011; Hijma & Cohen, 2010; 2019).","GWL
The basal peat basal contact is to be considered a terrestrial limiting point (e.g. Van de Plassche, 1986; Nelson, 2015; Vis et al., 2015; Hijma & Cohen, 2019). Basal peat accommodates because of relative rise of GWL. In coastal plain situations that GWL rise may be RSL-rise controlled, especially when basal peat formation becomes widespread. Regional basal peats are better limiting points (candidate sea-level indicator points even), local basal peats are weaker limiting points: peat can form far inland, fully independent and well ahead/long before of any coastal transgressive forcing. Assessing the paleogeographical situation of the basal peat data point or swarm of data points, may help to filter these points and keep only the coastally-relevant one (Vis et al. 2015; Hijma & Cohen 2019). Undertaking such activities is advised when deciding on entries of Basal Peat type data points in this database.
","Swamp peat: (GWL to GWL-0.2m); Marsh peat (GWL-0.3 to GWL-0.8m) 
The basal peat starts to accumulate when local hydrological circumstance cause the groundwater table to rise to the surface (base basal peat), initiating swamp or marsh conditions. Further rise of the water table than explains the accumulation of organics as peats. Depending on swamp/fen/marsh type (botanic composition indicates this) the annual mean groundwater table is 0.0-0.2 meter above the peaty surface (swamps, fens) to 0.3-1.0 meter (reed marsh). Note that in a transgressive setting (rising water level tendency) at the base of the peat bed one expects IR to be close to GWL and near the top one expects the IR to be few dm below GWL. ","Hijma & Cohen, 2019
 Sier et al., 2015
 Zagwijn, 1983",Kim Cohen,Kim Cohen,2019-12-19,Depositional
19,Isolation Basin (moment of marine connection),"Contact between lacustrine environment (lower) and brackish-marine environment (upper) established in central part of a basin [age control obtained here], tied to a sill level inbetween former lake shore and the sea [elevation of RSL indicator obtained here]. ","(HAT to MSL)/2

When HAT gets above sill level, the isolation basin first becomes brackish",(HAT to MSL) + uncertainty sill level position,"Van Leeuwen et al., 2000
 Zagwijn, 1983",Kim Cohen,Kim Cohen,2020-01-05,Depositional
20,Estuarine Terrace (preserved tidal flat surface),"A variant of the Marine Terrace option elsewhere in this database. Paraphrasing Pirazzoli et al., 2005: ""Any relatively flat surface of estuarine origin"". The difference with the Marine Terraces are (1) the orientation of the estuarine terrace is 'along' a falling-stage river valley / high stand embayment, and 'across' the shore line of headland coasts and barrier-coastal stretches under wave attack; (2) the flatness of the abandoned surface is not so much due to wave action and storm swash, but more due to intertidal/supratidal flooding just prior to terrace abandonment. 

The locality Petten (Zagwijn 1983) in the Rhine estuary (Peeters et al. 2015, 2016) from the begin falling stage of MIS-5d is an example of a buried Estuarine terrace. The Tagus system in Portugal bears non-buried examples (Vis et al., 2008). 

Estuarine terraced reaches in seaward direction grade to Marine terraces, with some elevation ramp effects owing to transitioning in RWL indicative meaning of the terrace surface. In landward direction, they grade to riverine terraces / former floodplains.",(HAT + MSL) / 2,Between MSL and HAT (upper intertidal),"Peeters et al., 2015
 Peeters et al., 2016
 Pirazzoli, 2005
 Zagwijn, 1983",Kim Cohen,Kim Cohen,2020-01-28,Depositional
22,Ophiomorpha burrow ,"Ophiomorpha is an ichnogenus that includes burrow structures built on sandy substrates extending from MSL down to 2   to 4 m below the surface where they divide into horizontal and inclined galleries. The burrows present a broad spectrum of morphologies and environmental distributions, mostly developing in intertidal to very shallow waters.",According to Frey et al. (1978) the reference water level for Ophiomorpha is the Mean Sea Level. ,The range where the burrows can be found is from 0 to 4 m under water. ,"Frey et al., 1978
 Martins et al., 2018",Karla Zurisadai Rubio Sandoval ,WALIS Admin,2021-03-24,Biological
23,Shallow water coral reef facies,For use when specific reference is given to a modern coral species and or morphological occurrence.,Mean Low Water Springs,Mean low water springs to depth of modern living analogue.,"Guillaume et al., 2013
 Vyverberg et al., 2018",Patrick Boyden,Patrick Boyden,2020-09-18,Biological
24,Estuary deposit,"""An estuary is a semi-enclosed costal body of water that extends to the effective limit of tidal influence, within which sea water entering from one or more free connections with the open sea, or any other saline coastal body of water, is significantly diluted with fresh water derived from land drainage, and can sustain euryhaline biological species from either part or the whole of their life cycle."" - Definition from Perillo, 1995",< highest astronomical tide (HAT),"The upper limit of estuary deposits is the highest astronomical tide, but the lower limit is bounded bathymetry. As a result, an estuary deposit can only be used as a marine limiting indicator, with an uncertainty range that is HAT-MSL.",Perillo 1995,Evan Gowan,Evan Gowan,2020-01-31,Depositional
26,Lithophyllum byssoides algal rims,Upper intertidal fossil algal rims build by Lithophyllum byssoides,(HAT-MSL)/2,HAT-MSL,"Sechi et al., 2020",Matteo Vacchi,WALIS Admin,2021-01-05,Biological
28,Upper limit of Lithophaga boreholes ,"Boreholes created by mollusks of the Lithophaga genus, forming a well-delineated band on a rocky shoreline around the former tidal level.",(MLLW + LAT)/2,MLLW - LAT,"Laborel and Laborel-Deguen, 1994",Alessio Rovere,WALIS Admin,2021-01-05,Biological
29,Beach swash deposit,part of the beach face located between mean sea level and foredune,"(Upper limit + Lower limit) / 2
Upper limit = spring tidal range / 2 or MHHW
Lower limit = MSL","(Upper limit - Lower limit)
Upper limit = spring tidal range / 2 or MHHW
Lower limit = MSL",,Deirdre Ryan,WALIS Admin,2021-01-05,Depositional
30,Foreshore deposits,Beach deposits characterized by a horizontal or gentle seaward-dipping lamination.,(MHHW to MLLW)/2,MHHW to MLLW,,Alessio Rovere,Alessio Rovere,2020-04-19,Depositional
31,Bioerosional and erosional markers on limestone cliff,"Relicts of bioerosional (e.g., L. lithophaga boreholes) or erosional indicators on a sparse elevation range on a limestone cliff.",RWL is the mid point between MSL and the difference of upper bound of occurrence minus lower bound.,IR is the distance (in absolute value) between MSL and the difference of upper bound of occurrence minus lower bound.,,Alessio Rovere,WALIS Admin,2021-01-05,Biological
32,"Tidal inlet facies (Western Cape, South Africa)","Coarse-grained, thickly bedded, trough cross bedding, herringbone cross bedding, multiple scours, Ophiomorpha and Skolithos trace fossils.",Midpoint of the Indicative range,-0.5m to -3.5m with respect to MSL,"Carr et al., 2010",Andrew Cooper,WALIS Admin,2020-12-16,Depositional
33,Shallow or intertidal marine fauna,Marine fauna usually associated with very shallow water or intertidal environments,Based on the upper and lower limits of living modern analog faunas,Based on the upper and lower limits of living modern analog faunas,,Alessio Rovere,WALIS Admin,2021-01-05,Biological
34,Coastal barrier,"beach facies: gently seaward dipping laminae and beds of fine to coarse sediment
wash-over facies: fining upward bed resting on flooding surface of lagoonal silt or clay",MSL to MHW,"beach beds: MHW to MLW
wash-over fan: flooding surface to barrierward top of fan",Moore and Murray 2018,Barbara Mauz,Barbara Mauz,2020-11-12,Depositional
35,Beachrock,"Cement: isopachous or miniscus of HMC or aragonite; granular, bladed or fibrous crystals
Bedding: symmetrical ripples or horizontal plane-parallel laminae or planar and trough cross-beds",MHW to MLW,HAT (or spray zone) to LW,"Mauz et al., 2015",Barbara Mauz,Barbara Mauz,2020-11-13,Depositional
36,Shoreface/foreshore contact,"Highest elevation of contact between cross-bedded gravelly shoreface sands and planar bedded, gently seaward dipping, foreshore sands,.  Occurs at MLW. ",The indicator marks exactly Mean Low Water,"As the indicator is reported to mark exactly the MLW, the IR is zero.","Roberts, Karkanas et al., 2012",Andrew Cooper,WALIS Admin,2021-01-21,Depositional
37,Salt marsh (undifferentiated),"Record of salt marsh macrofossils, pollen, foraminifera or diatoms.  Maybe be supported by the presence of brackish water molluscs or ostracods, and/or silty-clay with organic remains.",(HAT-MTL)/2,Highest astronomical tide - mean tide (or sea) level,Engelhart and Horton,Natasha Barlow,Natasha Barlow,2021-03-18,Biological
38,Shoreline angle (US Pacific coast),"The shoreline angle is the junction of the marine platform (or ""wave-cut bench""), formed in the surf zone, and the sea cliff, when viewed in cross-section.",(MHHW-MLLW)/2,MHHW+MLLW,"Kern, 1977",Daniel Muhs,Daniel Muhs,2021-04-08,Geomorphological
39,Upper Tidal Flat,Intertidal areas.  These are the locations along the coast exposed at low tide,No RWL available,Between HAT and LAT,,Alexander Simms,Alexander Simms,2021-06-09,Depositional
40,Coralline algal reef cap,The coralline red algae live the uppermost subtidal to the lowermost intertidal zone and extend the coralalgal reef framework into the intertidal zone because of their ability to withstand subaerial exposure at low tide.,Mean low tide,40 cm,"Hattin and Warren 1989
 Rovere et al., 2016",Alexandra Villa,Alexandra Villa,2021-07-23,Biological
41,Coral microatolls,"From Bender et al., 2020: ""Fossil microatolls are particular growth forms adopted by massive corals (e.g., Porites) when they reach the upper bounds of their living range, close to sea level. Coral colonies generally grow upwards until they reach the lower part of the tidal range. At this point, they keep growing horizontally forming “atoll-like” structures (Fig. 1 in Scoffin and Stoddart, 1978, and Fig. 8.1 in Meltzner and Woodroffe, 2015) that can widen up to several meters.""",(MLLW + LAT)/2,MLLW to LAT,"Bender et al., 2020
 Meltzner and Woodroffe, 2015
 Scoffin and Stoddart, 1978",Alessio Rovere,Alessio Rovere,2021-07-28,Biological
